NameOnCard,CardNumber,ExpirationDate,CVC
Roni Biton,4.30618E+15,Aug-27,247
Evelyn Pick,5.36346E+15,May-25,365
Liroy Ben David,5.36824E+15,May-26,657
Mason Levi,4.37617E+15,May-28,812
Jackson Amar,5.34819E+15,Mar-24,635
Lucas Levi,5.30563E+15,May-28,624
Amelia Biton,4.31256E+15,Nov-28,547
Jackson Tatievski,5.31732E+15,Mar-26,166
Liam Levi,4.38734E+15,Sep-25,778
Emily Amar,4.32454E+15,Oct-27,435
Isabella Biton,5.30338E+15,May-26,432
Liroy Levi,5.37051E+15,Jun-27,554
Ethan Cohen,4.37436E+15,May-27,613
Caleb Levi,5.37311E+15,Mar-28,641
Roi Melamed,4.37476E+15,Sep-27,746
Jackson Tatievski,5.35768E+15,Nov-25,732
Oliver Levi,4.33842E+15,Jul-27,353
Emma Melamed,5.34822E+15,Jun-27,588
Roi Ben David,4.30584E+15,Sep-26,576
Oliver Tatievski,4.33448E+15,May-28,343
Oliver Peretz,5.37453E+15,Mar-28,785
Ava Mizrahi,5.31162E+15,May-24,636
Abigail Mizrahi,4.34671E+15,Sep-28,176
Jackson Mizrachi,5.36748E+15,Jun-25,787
Abigail Mizrachi,5.30844E+15,Sep-25,468
Arik Melamed,4.30151E+15,Feb-27,357
Noah Mizrahi,4.3428E+15,Jul-24,218
Liam Peretz,5.34326E+15,Jan-28,324
Abigail Peretz,5.32808E+15,Apr-24,342
Aiden Peretz,5.37545E+15,Nov-27,216
Olivia Tatievski,4.31046E+15,May-26,387
Mia Melamed,5.36887E+15,Jun-26,262
Noah Mizrachi,5.33431E+15,Mar-28,652
Liam Mizrahi,5.36124E+15,Apr-26,258
Roni Meshulam,5.31864E+15,Nov-28,768
Sophia Ben David,5.35149E+15,Jul-25,844
Lucas Peretz,5.33607E+15,Nov-25,661
Isabella Peretz,4.33857E+15,Jul-24,357
Logan Mizrahi,5.35481E+15,Jul-27,558
Ethan Cohen,4.32264E+15,Jan-27,817
Harper Biton,5.30287E+15,Aug-24,355
Roi Biton,4.36344E+15,Apr-24,163
Ava Biton,4.38721E+15,Jun-28,258
Amelia Tatievski,4.37516E+15,Sep-28,521
Harper Mizrachi,5.30864E+15,Nov-25,421
Mason Biton,4.34847E+15,Sep-28,488
Ava Cohen,4.33281E+15,Aug-25,867
Liam Pick,5.30268E+15,Aug-24,218
Amelia Mizrachi,5.37045E+15,Mar-26,467
Amelia Peretz,5.33824E+15,Oct-26,347
Isabella Melamed,5.3405E+15,Aug-28,165
Roni Pick,5.31343E+15,Jun-26,141
Jackson Peretz,4.33236E+15,May-26,574
Noah Mizrahi,4.31349E+15,Oct-27,475
Charlotte Pick,5.32034E+15,Mar-27,854
Arik Meshulam,4.3208E+15,Jul-25,618
Liroy Biton,5.34022E+15,Sep-27,475
Emma Meshulam,4.30331E+15,Mar-25,218
Mia Meshulam,5.3435E+15,Mar-27,471
Emily Pick,5.31036E+15,May-24,387
Evelyn Mizrachi,4.31163E+15,Jan-24,272
Charlotte Mizrahi,4.37478E+15,May-24,853
Charlotte Mizrachi,5.33811E+15,Aug-26,514
Ethan Biton,4.38834E+15,Jul-28,561
Isabella Tatievski,4.37851E+15,Nov-27,311
Isabella Melamed,4.36147E+15,Oct-27,521
Liroy Cohen,4.30848E+15,May-25,268
Elijah Biton,4.33348E+15,Oct-24,185
Abigail Pick,4.3401E+15,Aug-25,222
Ethan Ben David,5.32101E+15,Jun-28,583
Charlotte Cohen,4.38782E+15,May-27,342
Evelyn Mizrahi,4.38501E+15,Nov-27,786
Evelyn Amar,5.37879E+15,Apr-26,788
Arik Melamed,5.38457E+15,Nov-27,855
Harper Amar,5.38038E+15,Mar-27,838
Logan Mizrahi,5.34218E+15,May-26,176
Mason Biton,4.3513E+15,Jul-25,413
Isabella Mizrachi,4.382E+15,May-28,841
Charlotte Ben David,5.37023E+15,Aug-26,572
Olivia Ben David,4.33151E+15,Feb-24,321
Harper Mizrachi,5.31266E+15,Oct-25,145
Evelyn Mizrahi,4.37863E+15,Jan-27,184
Mia Mizrachi,4.37036E+15,Nov-28,833
Noah Biton,5.38748E+15,Mar-27,547
Aiden Ben David,4.34745E+15,May-24,527
Roi Cohen,4.37412E+15,Nov-26,745
Evelyn Biton,5.32077E+15,Apr-27,177
Lucas Peretz,4.37045E+15,Feb-25,548
Caleb Biton,4.35535E+15,Aug-26,853
Caleb Mizrachi,4.32673E+15,Apr-26,863
Emma Ben David,4.37084E+15,Jul-28,285
Lucas Levi,4.37766E+15,Aug-26,251
Amelia Mizrachi,4.35278E+15,Oct-28,883
Ava Mizrahi,5.3481E+15,Apr-25,344
Abigail Melamed,5.35022E+15,Aug-26,835
Lucas Amar,4.31825E+15,Aug-25,373
Roni Mizrachi,4.34424E+15,Feb-28,683
Liam Levi,5.34641E+15,Oct-27,574
Harper Meshulam,5.38876E+15,Oct-25,348
Roi Cohen,5.37465E+15,Apr-27,816
